comparison,pair_id,seed,swap,north,south,winner,reason,plies,terminated,truncated,minimal_loss_turns
Random vs Random,0,20260913,0,Random,Random,south,commander_capture,74,True,False,0
Random vs Random,0,20260913,1,Random,Random,south,commander_capture,86,True,False,0
Random vs Random,1,20260914,0,Random,Random,north,commander_capture,109,True,False,0
Random vs Random,1,20260914,1,Random,Random,south,commander_capture,116,True,False,0
Random vs Random,2,20260915,0,Random,Random,north,commander_capture,109,True,False,0
Random vs Random,2,20260915,1,Random,Random,south,commander_capture,144,True,False,0
Random vs Random,3,20260916,0,Random,Random,north,commander_capture,89,True,False,0
Random vs Random,3,20260916,1,Random,Random,south,commander_capture,112,True,False,0
Random vs Random,4,20260917,0,Random,Random,south,commander_capture,126,True,False,0
Random vs Random,4,20260917,1,Random,Random,north,commander_capture,93,True,False,0
Random vs Random,5,20260918,0,Random,Random,,ply_limit,512,False,True,0
Random vs Random,5,20260918,1,Random,Random,north,commander_capture,151,True,False,0
Random vs Random,6,20260919,0,Random,Random,north,commander_capture,59,True,False,0
Random vs Random,6,20260919,1,Random,Random,north,commander_capture,111,True,False,0
Random vs Random,7,20260920,0,Random,Random,south,commander_capture,110,True,False,0
Random vs Random,7,20260920,1,Random,Random,south,commander_capture,186,True,False,0
Random vs Random,8,20260921,0,Random,Random,north,commander_capture,145,True,False,0
Random vs Random,8,20260921,1,Random,Random,south,commander_capture,134,True,False,0
Random vs Random,9,20260922,0,Random,Random,south,commander_capture,98,True,False,0
Random vs Random,9,20260922,1,Random,Random,north,commander_capture,73,True,False,0
Random vs Random,10,20260923,0,Random,Random,south,commander_capture,64,True,False,0
Random vs Random,10,20260923,1,Random,Random,,ply_limit,512,False,True,0
Random vs Random,11,20260924,0,Random,Random,north,commander_capture,113,True,False,0
Random vs Random,11,20260924,1,Random,Random,south,commander_capture,30,True,False,0
Random vs Random,12,20260925,0,Random,Random,south,commander_capture,126,True,False,0
Random vs Random,12,20260925,1,Random,Random,north,commander_capture,131,True,False,0
Random vs Random,13,20260926,0,Random,Random,north,commander_capture,101,True,False,0
Random vs Random,13,20260926,1,Random,Random,north,commander_capture,125,True,False,0
Random vs Random,14,20260927,0,Random,Random,south,commander_capture,114,True,False,0
Random vs Random,14,20260927,1,Random,Random,south,commander_capture,110,True,False,0
Random vs Random,15,20260928,0,Random,Random,north,commander_capture,91,True,False,0
Random vs Random,15,20260928,1,Random,Random,south,commander_capture,192,True,False,0
Random vs Random,16,20260929,0,Random,Random,north,commander_capture,143,True,False,0
Random vs Random,16,20260929,1,Random,Random,south,commander_capture,74,True,False,0
Random vs Random,17,20260930,0,Random,Random,north,commander_capture,103,True,False,0
Random vs Random,17,20260930,1,Random,Random,north,commander_capture,103,True,False,0
Random vs Random,18,20260931,0,Random,Random,south,commander_capture,36,True,False,0
Random vs Random,18,20260931,1,Random,Random,south,commander_capture,194,True,False,0
Random vs Random,19,20260932,0,Random,Random,south,commander_capture,82,True,False,0
Random vs Random,19,20260932,1,Random,Random,south,commander_capture,102,True,False,0
Random vs Random,20,20260933,0,Random,Random,north,commander_capture,153,True,False,0
Random vs Random,20,20260933,1,Random,Random,south,commander_capture,108,True,False,0
Random vs Random,21,20260934,0,Random,Random,south,commander_capture,164,True,False,0
Random vs Random,21,20260934,1,Random,Random,north,commander_capture,23,True,False,0
Random vs Random,22,20260935,0,Random,Random,north,commander_capture,135,True,False,0
Random vs Random,22,20260935,1,Random,Random,south,lone_commander,152,True,False,0
Random vs Random,23,20260936,0,Random,Random,north,commander_capture,17,True,False,0
Random vs Random,23,20260936,1,Random,Random,north,lone_commander,147,True,False,0
Random vs Random,24,20260937,0,Random,Random,south,commander_capture,56,True,False,0
Random vs Random,24,20260937,1,Random,Random,north,commander_capture,75,True,False,0
Random vs Random,25,20260938,0,Random,Random,south,commander_capture,110,True,False,0
Random vs Random,25,20260938,1,Random,Random,south,commander_capture,30,True,False,0
Random vs Random,26,20260939,0,Random,Random,south,commander_capture,42,True,False,0
Random vs Random,26,20260939,1,Random,Random,south,commander_capture,102,True,False,0
Random vs Random,27,20260940,0,Random,Random,north,commander_capture,183,True,False,0
Random vs Random,27,20260940,1,Random,Random,north,commander_capture,139,True,False,0
Random vs Random,28,20260941,0,Random,Random,,ply_limit,512,False,True,0
Random vs Random,28,20260941,1,Random,Random,north,commander_capture,127,True,False,0
Random vs Random,29,20260942,0,Random,Random,south,commander_capture,16,True,False,0
Random vs Random,29,20260942,1,Random,Random,north,commander_capture,97,True,False,0
Random vs Random,30,20260943,0,Random,Random,south,commander_capture,58,True,False,0
Random vs Random,30,20260943,1,Random,Random,south,lone_commander,120,True,False,0
Random vs Random,31,20260944,0,Random,Random,south,commander_capture,110,True,False,0
Random vs Random,31,20260944,1,Random,Random,north,commander_capture,57,True,False,0
Random vs Random,32,20260945,0,Random,Random,south,commander_capture,90,True,False,0
Random vs Random,32,20260945,1,Random,Random,south,commander_capture,90,True,False,0
Random vs Random,33,20260946,0,Random,Random,south,commander_capture,108,True,False,0
Random vs Random,33,20260946,1,Random,Random,north,lone_commander,122,True,False,0
Random vs Random,34,20260947,0,Random,Random,north,commander_capture,65,True,False,0
Random vs Random,34,20260947,1,Random,Random,north,commander_capture,75,True,False,0
Random vs Random,35,20260948,0,Random,Random,north,commander_capture,245,True,False,0
Random vs Random,35,20260948,1,Random,Random,south,commander_capture,90,True,False,0
Random vs Random,36,20260949,0,Random,Random,north,commander_capture,83,True,False,0
Random vs Random,36,20260949,1,Random,Random,south,commander_capture,124,True,False,0
Random vs Random,37,20260950,0,Random,Random,south,commander_capture,78,True,False,0
Random vs Random,37,20260950,1,Random,Random,north,commander_capture,97,True,False,0
Random vs Random,38,20260951,0,Random,Random,north,commander_capture,95,True,False,0
Random vs Random,38,20260951,1,Random,Random,south,commander_capture,84,True,False,0
Random vs Random,39,20260952,0,Random,Random,south,commander_capture,136,True,False,0
Random vs Random,39,20260952,1,Random,Random,south,commander_capture,90,True,False,0
Random vs Random,40,20260953,0,Random,Random,north,commander_capture,65,True,False,0
Random vs Random,40,20260953,1,Random,Random,north,commander_capture,101,True,False,0
Random vs Random,41,20260954,0,Random,Random,north,commander_capture,111,True,False,0
Random vs Random,41,20260954,1,Random,Random,north,commander_capture,115,True,False,0
Random vs Random,42,20260955,0,Random,Random,south,commander_retreat_forfeit,167,True,False,0
Random vs Random,42,20260955,1,Random,Random,south,commander_capture,158,True,False,0
Random vs Random,43,20260956,0,Random,Random,north,commander_capture,79,True,False,0
Random vs Random,43,20260956,1,Random,Random,south,commander_capture,58,True,False,0
Random vs Random,44,20260957,0,Random,Random,north,commander_capture,249,True,False,0
Random vs Random,44,20260957,1,Random,Random,,ply_limit,512,False,True,0
Random vs Random,45,20260958,0,Random,Random,south,commander_capture,176,True,False,0
Random vs Random,45,20260958,1,Random,Random,north,commander_capture,49,True,False,0
Random vs Random,46,20260959,0,Random,Random,south,commander_capture,166,True,False,0
Random vs Random,46,20260959,1,Random,Random,south,commander_capture,234,True,False,0
Random vs Random,47,20260960,0,Random,Random,north,commander_retreat_forfeit,152,True,False,0
Random vs Random,47,20260960,1,Random,Random,north,commander_capture,123,True,False,0
Random vs Random,48,20260961,0,Random,Random,,ply_limit,512,False,True,0
Random vs Random,48,20260961,1,Random,Random,south,commander_capture,84,True,False,0
Random vs Random,49,20260962,0,Random,Random,south,commander_capture,76,True,False,0
Random vs Random,49,20260962,1,Random,Random,south,commander_capture,134,True,False,0
Random vs Random,50,20260963,0,Random,Random,north,commander_capture,67,True,False,0
Random vs Random,50,20260963,1,Random,Random,south,commander_capture,80,True,False,0
Random vs Random,51,20260964,0,Random,Random,north,commander_capture,91,True,False,0
Random vs Random,51,20260964,1,Random,Random,north,commander_capture,63,True,False,0
Random vs Random,52,20260965,0,Random,Random,south,commander_retreat_forfeit,129,True,False,0
Random vs Random,52,20260965,1,Random,Random,south,commander_capture,166,True,False,0
Random vs Random,53,20260966,0,Random,Random,south,commander_capture,86,True,False,0
Random vs Random,53,20260966,1,Random,Random,north,commander_capture,87,True,False,0
Random vs Random,54,20260967,0,Random,Random,north,commander_capture,53,True,False,0
Random vs Random,54,20260967,1,Random,Random,north,commander_capture,91,True,False,0
Random vs Random,55,20260968,0,Random,Random,south,commander_capture,144,True,False,0
Random vs Random,55,20260968,1,Random,Random,north,commander_capture,53,True,False,0
Random vs Random,56,20260969,0,Random,Random,,ply_limit,512,False,True,0
Random vs Random,56,20260969,1,Random,Random,north,commander_capture,69,True,False,0
Random vs Random,57,20260970,0,Random,Random,north,commander_capture,75,True,False,0
Random vs Random,57,20260970,1,Random,Random,north,commander_capture,163,True,False,0
Random vs Random,58,20260971,0,Random,Random,south,commander_capture,156,True,False,0
Random vs Random,58,20260971,1,Random,Random,north,commander_capture,121,True,False,0
Random vs Random,59,20260972,0,Random,Random,south,commander_capture,160,True,False,0
Random vs Random,59,20260972,1,Random,Random,,ply_limit,512,False,True,0
Random vs Random,60,20260973,0,Random,Random,north,commander_capture,107,True,False,0
Random vs Random,60,20260973,1,Random,Random,,ply_limit,512,False,True,0
Random vs Random,61,20260974,0,Random,Random,south,commander_capture,68,True,False,0
Random vs Random,61,20260974,1,Random,Random,north,commander_capture,91,True,False,0
Random vs Random,62,20260975,0,Random,Random,north,commander_capture,47,True,False,0
Random vs Random,62,20260975,1,Random,Random,south,commander_capture,200,True,False,0
Random vs Random,63,20260976,0,Random,Random,north,commander_capture,147,True,False,0
Random vs Random,63,20260976,1,Random,Random,north,commander_capture,161,True,False,0
Random vs Random,64,20260977,0,Random,Random,north,commander_capture,115,True,False,0
Random vs Random,64,20260977,1,Random,Random,south,lone_commander,193,True,False,0
Random vs Random,65,20260978,0,Random,Random,north,commander_capture,51,True,False,0
Random vs Random,65,20260978,1,Random,Random,north,commander_capture,105,True,False,0
Random vs Random,66,20260979,0,Random,Random,north,commander_capture,81,True,False,0
Random vs Random,66,20260979,1,Random,Random,south,commander_capture,128,True,False,0
Random vs Random,67,20260980,0,Random,Random,south,commander_capture,68,True,False,0
Random vs Random,67,20260980,1,Random,Random,north,commander_capture,121,True,False,0
Random vs Random,68,20260981,0,Random,Random,north,commander_capture,103,True,False,0
Random vs Random,68,20260981,1,Random,Random,south,commander_capture,94,True,False,0
Random vs Random,69,20260982,0,Random,Random,,ply_limit,512,False,True,0
Random vs Random,69,20260982,1,Random,Random,,ply_limit,512,False,True,0
Random vs Random,70,20260983,0,Random,Random,north,commander_capture,131,True,False,0
Random vs Random,70,20260983,1,Random,Random,north,commander_capture,101,True,False,0
Random vs Random,71,20260984,0,Random,Random,south,commander_capture,150,True,False,0
Random vs Random,71,20260984,1,Random,Random,north,commander_capture,155,True,False,0
Random vs Random,72,20260985,0,Random,Random,north,commander_capture,177,True,False,0
Random vs Random,72,20260985,1,Random,Random,south,commander_capture,160,True,False,0
Random vs Random,73,20260986,0,Random,Random,south,commander_capture,42,True,False,0
Random vs Random,73,20260986,1,Random,Random,north,commander_capture,49,True,False,0
Random vs Random,74,20260987,0,Random,Random,,ply_limit,512,False,True,0
Random vs Random,74,20260987,1,Random,Random,north,commander_capture,79,True,False,0
Random vs Random,75,20260988,0,Random,Random,,ply_limit,512,False,True,0
Random vs Random,75,20260988,1,Random,Random,north,commander_capture,89,True,False,0
Random vs Random,76,20260989,0,Random,Random,south,commander_capture,108,True,False,0
Random vs Random,76,20260989,1,Random,Random,south,commander_capture,98,True,False,0
Random vs Random,77,20260990,0,Random,Random,north,commander_capture,49,True,False,0
Random vs Random,77,20260990,1,Random,Random,north,commander_capture,87,True,False,0
Random vs Random,78,20260991,0,Random,Random,north,commander_capture,185,True,False,0
Random vs Random,78,20260991,1,Random,Random,north,commander_capture,71,True,False,0
Random vs Random,79,20260992,0,Random,Random,north,commander_capture,125,True,False,0
Random vs Random,79,20260992,1,Random,Random,south,commander_capture,78,True,False,0
Random vs Random,80,20260993,0,Random,Random,south,commander_capture,108,True,False,0
Random vs Random,80,20260993,1,Random,Random,south,commander_capture,110,True,False,0
Random vs Random,81,20260994,0,Random,Random,north,commander_capture,201,True,False,0
Random vs Random,81,20260994,1,Random,Random,south,commander_capture,122,True,False,0
Random vs Random,82,20260995,0,Random,Random,south,commander_capture,34,True,False,0
Random vs Random,82,20260995,1,Random,Random,,ply_limit,512,False,True,0
Random vs Random,83,20260996,0,Random,Random,north,commander_capture,117,True,False,0
Random vs Random,83,20260996,1,Random,Random,north,commander_capture,91,True,False,0
Random vs Random,84,20260997,0,Random,Random,south,commander_capture,120,True,False,0
Random vs Random,84,20260997,1,Random,Random,north,commander_capture,69,True,False,0
Random vs Random,85,20260998,0,Random,Random,south,commander_capture,120,True,False,0
Random vs Random,85,20260998,1,Random,Random,south,commander_capture,144,True,False,0
Random vs Random,86,20260999,0,Random,Random,south,commander_capture,80,True,False,0
Random vs Random,86,20260999,1,Random,Random,south,commander_capture,68,True,False,0
Random vs Random,87,20261000,0,Random,Random,north,commander_capture,49,True,False,0
Random vs Random,87,20261000,1,Random,Random,south,commander_capture,70,True,False,0
Random vs Random,88,20261001,0,Random,Random,south,commander_capture,66,True,False,0
Random vs Random,88,20261001,1,Random,Random,,ply_limit,512,False,True,0
Random vs Random,89,20261002,0,Random,Random,north,commander_capture,115,True,False,0
Random vs Random,89,20261002,1,Random,Random,north,commander_capture,109,True,False,0
Random vs Random,90,20261003,0,Random,Random,north,commander_capture,191,True,False,0
Random vs Random,90,20261003,1,Random,Random,south,commander_capture,122,True,False,0
Random vs Random,91,20261004,0,Random,Random,south,commander_capture,56,True,False,0
Random vs Random,91,20261004,1,Random,Random,north,commander_capture,217,True,False,0
Random vs Random,92,20261005,0,Random,Random,south,commander_capture,34,True,False,0
Random vs Random,92,20261005,1,Random,Random,north,commander_capture,189,True,False,0
Random vs Random,93,20261006,0,Random,Random,north,commander_capture,153,True,False,0
Random vs Random,93,20261006,1,Random,Random,north,commander_capture,119,True,False,0
Random vs Random,94,20261007,0,Random,Random,south,commander_capture,124,True,False,0
Random vs Random,94,20261007,1,Random,Random,south,commander_capture,158,True,False,0
Random vs Random,95,20261008,0,Random,Random,south,commander_capture,80,True,False,0
Random vs Random,95,20261008,1,Random,Random,north,commander_capture,173,True,False,0
Random vs Random,96,20261009,0,Random,Random,south,commander_capture,70,True,False,0
Random vs Random,96,20261009,1,Random,Random,north,commander_capture,157,True,False,0
Random vs Random,97,20261010,0,Random,Random,north,commander_capture,217,True,False,0
Random vs Random,97,20261010,1,Random,Random,south,commander_capture,110,True,False,0
Random vs Random,98,20261011,0,Random,Random,north,commander_capture,111,True,False,0
Random vs Random,98,20261011,1,Random,Random,north,commander_capture,103,True,False,0
Random vs Random,99,20261012,0,Random,Random,north,commander_capture,225,True,False,0
Random vs Random,99,20261012,1,Random,Random,,ply_limit,512,False,True,0
Random vs Random,100,20261013,0,Random,Random,north,commander_capture,139,True,False,0
Random vs Random,100,20261013,1,Random,Random,north,commander_capture,57,True,False,0
Random vs Random,101,20261014,0,Random,Random,north,commander_capture,81,True,False,0
Random vs Random,101,20261014,1,Random,Random,south,commander_capture,100,True,False,0
Random vs Random,102,20261015,0,Random,Random,,ply_limit,512,False,True,0
Random vs Random,102,20261015,1,Random,Random,north,commander_capture,57,True,False,0
Random vs Random,103,20261016,0,Random,Random,north,commander_capture,215,True,False,0
Random vs Random,103,20261016,1,Random,Random,south,commander_capture,114,True,False,0
Random vs Random,104,20261017,0,Random,Random,north,commander_capture,31,True,False,0
Random vs Random,104,20261017,1,Random,Random,south,commander_capture,72,True,False,0
Random vs Random,105,20261018,0,Random,Random,south,commander_capture,28,True,False,0
Random vs Random,105,20261018,1,Random,Random,south,commander_capture,246,True,False,0
Random vs Random,106,20261019,0,Random,Random,south,commander_capture,54,True,False,0
Random vs Random,106,20261019,1,Random,Random,south,commander_capture,16,True,False,0
Random vs Random,107,20261020,0,Random,Random,south,commander_capture,46,True,False,0
Random vs Random,107,20261020,1,Random,Random,south,commander_capture,110,True,False,0
Random vs Random,108,20261021,0,Random,Random,south,commander_capture,84,True,False,0
Random vs Random,108,20261021,1,Random,Random,north,commander_capture,117,True,False,0
Random vs Random,109,20261022,0,Random,Random,north,commander_capture,71,True,False,0
Random vs Random,109,20261022,1,Random,Random,north,commander_capture,99,True,False,0
Random vs Random,110,20261023,0,Random,Random,south,commander_capture,74,True,False,0
Random vs Random,110,20261023,1,Random,Random,south,commander_capture,130,True,False,0
Random vs Random,111,20261024,0,Random,Random,north,commander_capture,143,True,False,0
Random vs Random,111,20261024,1,Random,Random,south,commander_capture,86,True,False,0
Random vs Random,112,20261025,0,Random,Random,south,commander_capture,130,True,False,0
Random vs Random,112,20261025,1,Random,Random,north,commander_capture,89,True,False,0
Random vs Random,113,20261026,0,Random,Random,south,commander_capture,122,True,False,0
Random vs Random,113,20261026,1,Random,Random,north,commander_capture,135,True,False,0
Random vs Random,114,20261027,0,Random,Random,north,lone_commander,127,True,False,0
Random vs Random,114,20261027,1,Random,Random,south,commander_capture,124,True,False,0
Random vs Random,115,20261028,0,Random,Random,north,commander_capture,93,True,False,0
Random vs Random,115,20261028,1,Random,Random,south,commander_capture,94,True,False,0
Random vs Random,116,20261029,0,Random,Random,south,commander_capture,56,True,False,0
Random vs Random,116,20261029,1,Random,Random,south,commander_capture,80,True,False,0
Random vs Random,117,20261030,0,Random,Random,north,commander_capture,179,True,False,0
Random vs Random,117,20261030,1,Random,Random,north,commander_capture,95,True,False,0
Random vs Random,118,20261031,0,Random,Random,,ply_limit,512,False,True,0
Random vs Random,118,20261031,1,Random,Random,south,commander_capture,60,True,False,0
Random vs Random,119,20261032,0,Random,Random,south,commander_capture,34,True,False,0
Random vs Random,119,20261032,1,Random,Random,north,commander_capture,91,True,False,0
Random vs Random,120,20261033,0,Random,Random,north,commander_capture,111,True,False,0
Random vs Random,120,20261033,1,Random,Random,north,commander_capture,81,True,False,0
Random vs Random,121,20261034,0,Random,Random,north,commander_capture,33,True,False,0
Random vs Random,121,20261034,1,Random,Random,north,commander_capture,21,True,False,0
Random vs Random,122,20261035,0,Random,Random,south,commander_capture,76,True,False,0
Random vs Random,122,20261035,1,Random,Random,north,commander_capture,125,True,False,0
Random vs Random,123,20261036,0,Random,Random,south,commander_capture,90,True,False,0
Random vs Random,123,20261036,1,Random,Random,north,commander_capture,127,True,False,0
Random vs Random,124,20261037,0,Random,Random,south,commander_capture,108,True,False,0
Random vs Random,124,20261037,1,Random,Random,south,commander_capture,86,True,False,0
Random vs Random,125,20261038,0,Random,Random,south,commander_capture,42,True,False,0
Random vs Random,125,20261038,1,Random,Random,south,commander_capture,208,True,False,0
Random vs Random,126,20261039,0,Random,Random,north,commander_capture,25,True,False,0
Random vs Random,126,20261039,1,Random,Random,south,commander_capture,34,True,False,0
Random vs Random,127,20261040,0,Random,Random,north,commander_capture,113,True,False,0
Random vs Random,127,20261040,1,Random,Random,north,commander_capture,161,True,False,0
Random vs Random,128,20261041,0,Random,Random,north,commander_capture,143,True,False,0
Random vs Random,128,20261041,1,Random,Random,north,commander_capture,137,True,False,0
Random vs Random,129,20261042,0,Random,Random,south,commander_capture,76,True,False,0
Random vs Random,129,20261042,1,Random,Random,south,commander_capture,166,True,False,0
Random vs Random,130,20261043,0,Random,Random,south,commander_capture,102,True,False,0
Random vs Random,130,20261043,1,Random,Random,north,commander_capture,61,True,False,0
Random vs Random,131,20261044,0,Random,Random,north,commander_capture,115,True,False,0
Random vs Random,131,20261044,1,Random,Random,,ply_limit,512,False,True,0
Random vs Random,132,20261045,0,Random,Random,south,commander_capture,154,True,False,0
Random vs Random,132,20261045,1,Random,Random,,ply_limit,512,False,True,0
Random vs Random,133,20261046,0,Random,Random,south,commander_capture,128,True,False,0
Random vs Random,133,20261046,1,Random,Random,north,commander_retreat_forfeit,158,True,False,0
Random vs Random,134,20261047,0,Random,Random,north,commander_capture,107,True,False,0
Random vs Random,134,20261047,1,Random,Random,north,commander_capture,51,True,False,0
Random vs Random,135,20261048,0,Random,Random,south,commander_capture,96,True,False,0
Random vs Random,135,20261048,1,Random,Random,north,commander_capture,105,True,False,0
Random vs Random,136,20261049,0,Random,Random,south,commander_capture,188,True,False,0
Random vs Random,136,20261049,1,Random,Random,south,commander_capture,58,True,False,0
Random vs Random,137,20261050,0,Random,Random,south,lone_commander,146,True,False,0
Random vs Random,137,20261050,1,Random,Random,north,commander_capture,119,True,False,0
Random vs Random,138,20261051,0,Random,Random,south,commander_capture,64,True,False,0
Random vs Random,138,20261051,1,Random,Random,south,commander_capture,116,True,False,0
Random vs Random,139,20261052,0,Random,Random,north,commander_capture,77,True,False,0
Random vs Random,139,20261052,1,Random,Random,,ply_limit,512,False,True,0
Random vs Random,140,20261053,0,Random,Random,south,commander_capture,36,True,False,0
Random vs Random,140,20261053,1,Random,Random,south,commander_retreat_forfeit,131,True,False,0
Random vs Random,141,20261054,0,Random,Random,north,commander_capture,63,True,False,0
Random vs Random,141,20261054,1,Random,Random,south,commander_capture,72,True,False,0
Random vs Random,142,20261055,0,Random,Random,south,commander_capture,32,True,False,0
Random vs Random,142,20261055,1,Random,Random,north,commander_capture,73,True,False,0
Random vs Random,143,20261056,0,Random,Random,north,commander_capture,79,True,False,0
Random vs Random,143,20261056,1,Random,Random,,ply_limit,512,False,True,0
Random vs Random,144,20261057,0,Random,Random,north,commander_capture,93,True,False,0
Random vs Random,144,20261057,1,Random,Random,south,commander_capture,126,True,False,0
Random vs Random,145,20261058,0,Random,Random,north,commander_capture,23,True,False,0
Random vs Random,145,20261058,1,Random,Random,north,commander_capture,145,True,False,0
Random vs Random,146,20261059,0,Random,Random,north,commander_capture,125,True,False,0
Random vs Random,146,20261059,1,Random,Random,north,commander_capture,151,True,False,0
Random vs Random,147,20261060,0,Random,Random,north,commander_capture,107,True,False,0
Random vs Random,147,20261060,1,Random,Random,south,commander_capture,106,True,False,0
Random vs Random,148,20261061,0,Random,Random,south,commander_capture,102,True,False,0
Random vs Random,148,20261061,1,Random,Random,north,commander_capture,99,True,False,0
Random vs Random,149,20261062,0,Random,Random,north,commander_capture,33,True,False,0
Random vs Random,149,20261062,1,Random,Random,north,commander_capture,131,True,False,0
Random vs Random,150,20261063,0,Random,Random,south,commander_capture,34,True,False,0
Random vs Random,150,20261063,1,Random,Random,north,commander_capture,39,True,False,0
Random vs Random,151,20261064,0,Random,Random,south,commander_capture,112,True,False,0
Random vs Random,151,20261064,1,Random,Random,,ply_limit,512,False,True,0
Random vs Random,152,20261065,0,Random,Random,north,commander_capture,29,True,False,0
Random vs Random,152,20261065,1,Random,Random,north,commander_capture,111,True,False,0
Random vs Random,153,20261066,0,Random,Random,north,commander_capture,147,True,False,0
Random vs Random,153,20261066,1,Random,Random,north,commander_capture,103,True,False,0
Random vs Random,154,20261067,0,Random,Random,north,commander_capture,105,True,False,0
Random vs Random,154,20261067,1,Random,Random,north,commander_capture,147,True,False,0
Random vs Random,155,20261068,0,Random,Random,south,commander_capture,60,True,False,0
Random vs Random,155,20261068,1,Random,Random,north,commander_capture,87,True,False,0
Random vs Random,156,20261069,0,Random,Random,south,commander_capture,88,True,False,0
Random vs Random,156,20261069,1,Random,Random,south,commander_capture,84,True,False,0
Random vs Random,157,20261070,0,Random,Random,,ply_limit,512,False,True,0
Random vs Random,157,20261070,1,Random,Random,south,commander_capture,154,True,False,0
Random vs Random,158,20261071,0,Random,Random,south,commander_capture,106,True,False,0
Random vs Random,158,20261071,1,Random,Random,,ply_limit,512,False,True,0
Random vs Random,159,20261072,0,Random,Random,north,lone_commander,131,True,False,0
Random vs Random,159,20261072,1,Random,Random,south,commander_capture,172,True,False,0
Greedy vs Greedy,0,21260913,0,Greedy,Greedy,north,commander_capture,89,True,False,0
Greedy vs Greedy,0,21260913,1,Greedy,Greedy,north,commander_capture,87,True,False,0
Greedy vs Greedy,1,21260914,0,Greedy,Greedy,south,commander_capture,56,True,False,0
Greedy vs Greedy,1,21260914,1,Greedy,Greedy,north,commander_capture,43,True,False,0
Greedy vs Greedy,2,21260915,0,Greedy,Greedy,south,commander_capture,64,True,False,0
Greedy vs Greedy,2,21260915,1,Greedy,Greedy,south,commander_capture,26,True,False,0
Greedy vs Greedy,3,21260916,0,Greedy,Greedy,south,commander_capture,12,True,False,0
Greedy vs Greedy,3,21260916,1,Greedy,Greedy,north,commander_capture,41,True,False,0
Greedy vs Greedy,4,21260917,0,Greedy,Greedy,north,commander_capture,17,True,False,0
Greedy vs Greedy,4,21260917,1,Greedy,Greedy,north,commander_capture,75,True,False,0
Greedy vs Greedy,5,21260918,0,Greedy,Greedy,south,commander_capture,26,True,False,0
Greedy vs Greedy,5,21260918,1,Greedy,Greedy,draw,threefold_repetition,66,True,False,0
Greedy vs Greedy,6,21260919,0,Greedy,Greedy,north,commander_capture,17,True,False,0
Greedy vs Greedy,6,21260919,1,Greedy,Greedy,north,commander_capture,47,True,False,0
Greedy vs Greedy,7,21260920,0,Greedy,Greedy,south,commander_capture,62,True,False,0
Greedy vs Greedy,7,21260920,1,Greedy,Greedy,south,commander_capture,78,True,False,0
Greedy vs Greedy,8,21260921,0,Greedy,Greedy,south,commander_capture,12,True,False,0
Greedy vs Greedy,8,21260921,1,Greedy,Greedy,north,commander_capture,53,True,False,0
Greedy vs Greedy,9,21260922,0,Greedy,Greedy,north,commander_capture,101,True,False,0
Greedy vs Greedy,9,21260922,1,Greedy,Greedy,north,commander_capture,87,True,False,0
Greedy vs Greedy,10,21260923,0,Greedy,Greedy,south,commander_capture,34,True,False,0
Greedy vs Greedy,10,21260923,1,Greedy,Greedy,south,commander_capture,80,True,False,0
Greedy vs Greedy,11,21260924,0,Greedy,Greedy,south,commander_capture,44,True,False,0
Greedy vs Greedy,11,21260924,1,Greedy,Greedy,south,commander_capture,38,True,False,0
Greedy vs Greedy,12,21260925,0,Greedy,Greedy,south,commander_capture,78,True,False,0
Greedy vs Greedy,12,21260925,1,Greedy,Greedy,north,commander_capture,49,True,False,0
Greedy vs Greedy,13,21260926,0,Greedy,Greedy,north,commander_capture,51,True,False,0
Greedy vs Greedy,13,21260926,1,Greedy,Greedy,north,commander_capture,65,True,False,0
Greedy vs Greedy,14,21260927,0,Greedy,Greedy,south,commander_capture,78,True,False,0
Greedy vs Greedy,14,21260927,1,Greedy,Greedy,south,commander_capture,36,True,False,0
Greedy vs Greedy,15,21260928,0,Greedy,Greedy,south,commander_capture,66,True,False,0
Greedy vs Greedy,15,21260928,1,Greedy,Greedy,draw,threefold_repetition,97,True,False,0
Greedy vs Greedy,16,21260929,0,Greedy,Greedy,south,commander_capture,56,True,False,0
Greedy vs Greedy,16,21260929,1,Greedy,Greedy,north,commander_capture,65,True,False,0
Greedy vs Greedy,17,21260930,0,Greedy,Greedy,south,lone_commander,96,True,False,0
Greedy vs Greedy,17,21260930,1,Greedy,Greedy,south,commander_capture,76,True,False,0
Greedy vs Greedy,18,21260931,0,Greedy,Greedy,south,commander_capture,56,True,False,0
Greedy vs Greedy,18,21260931,1,Greedy,Greedy,north,commander_capture,19,True,False,0
Greedy vs Greedy,19,21260932,0,Greedy,Greedy,north,commander_capture,81,True,False,0
Greedy vs Greedy,19,21260932,1,Greedy,Greedy,south,commander_capture,48,True,False,0
Greedy vs Greedy,20,21260933,0,Greedy,Greedy,south,commander_capture,42,True,False,0
Greedy vs Greedy,20,21260933,1,Greedy,Greedy,north,commander_capture,57,True,False,0
Greedy vs Greedy,21,21260934,0,Greedy,Greedy,north,commander_capture,107,True,False,0
Greedy vs Greedy,21,21260934,1,Greedy,Greedy,north,commander_capture,63,True,False,0
Greedy vs Greedy,22,21260935,0,Greedy,Greedy,north,commander_capture,75,True,False,0
Greedy vs Greedy,22,21260935,1,Greedy,Greedy,south,commander_capture,90,True,False,0
Greedy vs Greedy,23,21260936,0,Greedy,Greedy,south,commander_capture,60,True,False,0
Greedy vs Greedy,23,21260936,1,Greedy,Greedy,south,commander_capture,84,True,False,0
Greedy vs Greedy,24,21260937,0,Greedy,Greedy,north,commander_capture,67,True,False,0
Greedy vs Greedy,24,21260937,1,Greedy,Greedy,north,commander_capture,47,True,False,0
Greedy vs Greedy,25,21260938,0,Greedy,Greedy,north,commander_capture,117,True,False,0
Greedy vs Greedy,25,21260938,1,Greedy,Greedy,south,commander_capture,38,True,False,0
Greedy vs Greedy,26,21260939,0,Greedy,Greedy,south,commander_capture,50,True,False,0
Greedy vs Greedy,26,21260939,1,Greedy,Greedy,north,commander_capture,83,True,False,0
Greedy vs Greedy,27,21260940,0,Greedy,Greedy,north,commander_capture,25,True,False,0
Greedy vs Greedy,27,21260940,1,Greedy,Greedy,south,commander_capture,38,True,False,0
Greedy vs Greedy,28,21260941,0,Greedy,Greedy,south,commander_capture,38,True,False,0
Greedy vs Greedy,28,21260941,1,Greedy,Greedy,south,commander_capture,54,True,False,0
Greedy vs Greedy,29,21260942,0,Greedy,Greedy,south,commander_capture,26,True,False,0
Greedy vs Greedy,29,21260942,1,Greedy,Greedy,south,commander_capture,88,True,False,0
Greedy vs Greedy,30,21260943,0,Greedy,Greedy,south,commander_capture,38,True,False,0
Greedy vs Greedy,30,21260943,1,Greedy,Greedy,south,commander_capture,60,True,False,0
Greedy vs Greedy,31,21260944,0,Greedy,Greedy,south,commander_capture,26,True,False,0
Greedy vs Greedy,31,21260944,1,Greedy,Greedy,north,commander_capture,37,True,False,0
Greedy vs Greedy,32,21260945,0,Greedy,Greedy,north,commander_capture,45,True,False,0
Greedy vs Greedy,32,21260945,1,Greedy,Greedy,south,commander_capture,56,True,False,0
Greedy vs Greedy,33,21260946,0,Greedy,Greedy,south,commander_capture,94,True,False,0
Greedy vs Greedy,33,21260946,1,Greedy,Greedy,south,commander_capture,68,True,False,0
Greedy vs Greedy,34,21260947,0,Greedy,Greedy,south,commander_capture,90,True,False,0
Greedy vs Greedy,34,21260947,1,Greedy,Greedy,north,commander_capture,101,True,False,0
Greedy vs Greedy,35,21260948,0,Greedy,Greedy,south,commander_capture,100,True,False,0
Greedy vs Greedy,35,21260948,1,Greedy,Greedy,south,commander_capture,68,True,False,0
Greedy vs Greedy,36,21260949,0,Greedy,Greedy,north,commander_capture,93,True,False,0
Greedy vs Greedy,36,21260949,1,Greedy,Greedy,north,commander_capture,77,True,False,0
Greedy vs Greedy,37,21260950,0,Greedy,Greedy,north,commander_capture,11,True,False,0
Greedy vs Greedy,37,21260950,1,Greedy,Greedy,north,commander_capture,57,True,False,0
Greedy vs Greedy,38,21260951,0,Greedy,Greedy,south,commander_capture,72,True,False,0
Greedy vs Greedy,38,21260951,1,Greedy,Greedy,south,commander_capture,88,True,False,0
Greedy vs Greedy,39,21260952,0,Greedy,Greedy,north,commander_capture,65,True,False,0
Greedy vs Greedy,39,21260952,1,Greedy,Greedy,south,commander_capture,84,True,False,0
Greedy vs Greedy,40,21260953,0,Greedy,Greedy,north,commander_capture,83,True,False,0
Greedy vs Greedy,40,21260953,1,Greedy,Greedy,south,commander_capture,42,True,False,0
Greedy vs Greedy,41,21260954,0,Greedy,Greedy,south,lone_commander,92,True,False,0
Greedy vs Greedy,41,21260954,1,Greedy,Greedy,south,commander_capture,56,True,False,0
Greedy vs Greedy,42,21260955,0,Greedy,Greedy,south,commander_capture,12,True,False,0
Greedy vs Greedy,42,21260955,1,Greedy,Greedy,north,commander_capture,55,True,False,0
Greedy vs Greedy,43,21260956,0,Greedy,Greedy,south,commander_capture,42,True,False,0
Greedy vs Greedy,43,21260956,1,Greedy,Greedy,south,commander_capture,24,True,False,0
Greedy vs Greedy,44,21260957,0,Greedy,Greedy,north,commander_capture,37,True,False,0
Greedy vs Greedy,44,21260957,1,Greedy,Greedy,south,commander_capture,26,True,False,0
Greedy vs Greedy,45,21260958,0,Greedy,Greedy,south,commander_capture,34,True,False,0
Greedy vs Greedy,45,21260958,1,Greedy,Greedy,south,commander_capture,26,True,False,0
Greedy vs Greedy,46,21260959,0,Greedy,Greedy,north,commander_capture,65,True,False,0
Greedy vs Greedy,46,21260959,1,Greedy,Greedy,south,commander_capture,48,True,False,0
Greedy vs Greedy,47,21260960,0,Greedy,Greedy,north,commander_capture,99,True,False,0
Greedy vs Greedy,47,21260960,1,Greedy,Greedy,south,commander_capture,106,True,False,0
Greedy vs Greedy,48,21260961,0,Greedy,Greedy,north,commander_capture,65,True,False,0
Greedy vs Greedy,48,21260961,1,Greedy,Greedy,south,commander_capture,44,True,False,0
Greedy vs Greedy,49,21260962,0,Greedy,Greedy,south,commander_capture,92,True,False,0
Greedy vs Greedy,49,21260962,1,Greedy,Greedy,south,commander_capture,78,True,False,0
Greedy vs Greedy,50,21260963,0,Greedy,Greedy,south,commander_capture,36,True,False,0
Greedy vs Greedy,50,21260963,1,Greedy,Greedy,north,commander_capture,29,True,False,0
Greedy vs Greedy,51,21260964,0,Greedy,Greedy,north,commander_capture,53,True,False,0
Greedy vs Greedy,51,21260964,1,Greedy,Greedy,north,commander_capture,113,True,False,0
Greedy vs Greedy,52,21260965,0,Greedy,Greedy,north,commander_capture,31,True,False,0
Greedy vs Greedy,52,21260965,1,Greedy,Greedy,south,commander_capture,38,True,False,0
Greedy vs Greedy,53,21260966,0,Greedy,Greedy,north,commander_capture,57,True,False,0
Greedy vs Greedy,53,21260966,1,Greedy,Greedy,north,commander_capture,83,True,False,0
Greedy vs Greedy,54,21260967,0,Greedy,Greedy,south,commander_capture,58,True,False,0
Greedy vs Greedy,54,21260967,1,Greedy,Greedy,south,commander_capture,90,True,False,0
Greedy vs Greedy,55,21260968,0,Greedy,Greedy,north,commander_capture,43,True,False,0
Greedy vs Greedy,55,21260968,1,Greedy,Greedy,south,commander_capture,100,True,False,0
Greedy vs Greedy,56,21260969,0,Greedy,Greedy,south,commander_capture,48,True,False,0
Greedy vs Greedy,56,21260969,1,Greedy,Greedy,south,commander_capture,28,True,False,0
Greedy vs Greedy,57,21260970,0,Greedy,Greedy,south,commander_capture,108,True,False,0
Greedy vs Greedy,57,21260970,1,Greedy,Greedy,north,commander_capture,77,True,False,0
Greedy vs Greedy,58,21260971,0,Greedy,Greedy,south,commander_capture,58,True,False,0
Greedy vs Greedy,58,21260971,1,Greedy,Greedy,south,commander_capture,62,True,False,0
Greedy vs Greedy,59,21260972,0,Greedy,Greedy,draw,threefold_repetition,25,True,False,0
Greedy vs Greedy,59,21260972,1,Greedy,Greedy,north,commander_capture,79,True,False,0
Greedy vs Greedy,60,21260973,0,Greedy,Greedy,north,commander_capture,111,True,False,0
Greedy vs Greedy,60,21260973,1,Greedy,Greedy,north,commander_capture,73,True,False,0
Greedy vs Greedy,61,21260974,0,Greedy,Greedy,north,commander_capture,23,True,False,0
Greedy vs Greedy,61,21260974,1,Greedy,Greedy,south,commander_capture,52,True,False,0
Greedy vs Greedy,62,21260975,0,Greedy,Greedy,north,commander_capture,25,True,False,0
Greedy vs Greedy,62,21260975,1,Greedy,Greedy,south,commander_capture,24,True,False,0
Greedy vs Greedy,63,21260976,0,Greedy,Greedy,south,commander_capture,84,True,False,0
Greedy vs Greedy,63,21260976,1,Greedy,Greedy,north,commander_capture,29,True,False,0
Greedy vs Greedy,64,21260977,0,Greedy,Greedy,south,commander_capture,68,True,False,0
Greedy vs Greedy,64,21260977,1,Greedy,Greedy,south,commander_capture,22,True,False,0
Greedy vs Greedy,65,21260978,0,Greedy,Greedy,south,commander_capture,90,True,False,0
Greedy vs Greedy,65,21260978,1,Greedy,Greedy,north,lone_commander,99,True,False,0
Greedy vs Greedy,66,21260979,0,Greedy,Greedy,north,commander_capture,99,True,False,0
Greedy vs Greedy,66,21260979,1,Greedy,Greedy,south,commander_capture,78,True,False,0
Greedy vs Greedy,67,21260980,0,Greedy,Greedy,south,commander_capture,62,True,False,0
Greedy vs Greedy,67,21260980,1,Greedy,Greedy,south,commander_capture,44,True,False,0
Greedy vs Greedy,68,21260981,0,Greedy,Greedy,south,commander_capture,104,True,False,0
Greedy vs Greedy,68,21260981,1,Greedy,Greedy,north,commander_capture,89,True,False,0
Greedy vs Greedy,69,21260982,0,Greedy,Greedy,north,commander_capture,23,True,False,0
Greedy vs Greedy,69,21260982,1,Greedy,Greedy,south,commander_capture,62,True,False,0
Greedy vs Greedy,70,21260983,0,Greedy,Greedy,north,commander_capture,59,True,False,0
Greedy vs Greedy,70,21260983,1,Greedy,Greedy,north,commander_capture,93,True,False,0
Greedy vs Greedy,71,21260984,0,Greedy,Greedy,north,commander_capture,65,True,False,0
Greedy vs Greedy,71,21260984,1,Greedy,Greedy,south,commander_capture,42,True,False,0
Greedy vs Greedy,72,21260985,0,Greedy,Greedy,south,commander_capture,42,True,False,0
Greedy vs Greedy,72,21260985,1,Greedy,Greedy,south,commander_capture,38,True,False,0
Greedy vs Greedy,73,21260986,0,Greedy,Greedy,south,commander_capture,94,True,False,0
Greedy vs Greedy,73,21260986,1,Greedy,Greedy,south,commander_capture,92,True,False,0
Greedy vs Greedy,74,21260987,0,Greedy,Greedy,south,commander_capture,46,True,False,0
Greedy vs Greedy,74,21260987,1,Greedy,Greedy,south,commander_capture,50,True,False,0
Greedy vs Greedy,75,21260988,0,Greedy,Greedy,north,commander_capture,61,True,False,0
Greedy vs Greedy,75,21260988,1,Greedy,Greedy,south,commander_capture,44,True,False,0
Greedy vs Greedy,76,21260989,0,Greedy,Greedy,south,commander_capture,96,True,False,0
Greedy vs Greedy,76,21260989,1,Greedy,Greedy,south,commander_capture,56,True,False,0
Greedy vs Greedy,77,21260990,0,Greedy,Greedy,north,commander_capture,79,True,False,0
Greedy vs Greedy,77,21260990,1,Greedy,Greedy,north,commander_capture,99,True,False,0
Greedy vs Greedy,78,21260991,0,Greedy,Greedy,south,commander_capture,82,True,False,0
Greedy vs Greedy,78,21260991,1,Greedy,Greedy,north,commander_capture,83,True,False,0
Greedy vs Greedy,79,21260992,0,Greedy,Greedy,south,commander_capture,44,True,False,0
Greedy vs Greedy,79,21260992,1,Greedy,Greedy,north,commander_capture,99,True,False,0
Greedy vs Greedy,80,21260993,0,Greedy,Greedy,north,commander_capture,45,True,False,0
Greedy vs Greedy,80,21260993,1,Greedy,Greedy,south,commander_capture,84,True,False,0
Greedy vs Greedy,81,21260994,0,Greedy,Greedy,south,commander_capture,92,True,False,0
Greedy vs Greedy,81,21260994,1,Greedy,Greedy,north,commander_capture,107,True,False,0
Greedy vs Greedy,82,21260995,0,Greedy,Greedy,south,commander_capture,70,True,False,0
Greedy vs Greedy,82,21260995,1,Greedy,Greedy,north,commander_capture,55,True,False,0
Greedy vs Greedy,83,21260996,0,Greedy,Greedy,,ply_limit,512,False,True,0
Greedy vs Greedy,83,21260996,1,Greedy,Greedy,north,commander_capture,19,True,False,0
Greedy vs Greedy,84,21260997,0,Greedy,Greedy,south,commander_capture,76,True,False,0
Greedy vs Greedy,84,21260997,1,Greedy,Greedy,south,commander_capture,30,True,False,0
Greedy vs Greedy,85,21260998,0,Greedy,Greedy,south,commander_capture,32,True,False,0
Greedy vs Greedy,85,21260998,1,Greedy,Greedy,north,commander_capture,29,True,False,0
Greedy vs Greedy,86,21260999,0,Greedy,Greedy,north,commander_capture,29,True,False,0
Greedy vs Greedy,86,21260999,1,Greedy,Greedy,north,commander_capture,35,True,False,0
Greedy vs Greedy,87,21261000,0,Greedy,Greedy,north,commander_capture,25,True,False,0
Greedy vs Greedy,87,21261000,1,Greedy,Greedy,north,commander_capture,93,True,False,0
Greedy vs Greedy,88,21261001,0,Greedy,Greedy,south,commander_capture,42,True,False,0
Greedy vs Greedy,88,21261001,1,Greedy,Greedy,north,commander_capture,15,True,False,0
Greedy vs Greedy,89,21261002,0,Greedy,Greedy,north,commander_capture,47,True,False,0
Greedy vs Greedy,89,21261002,1,Greedy,Greedy,north,lone_commander,111,True,False,0
Greedy vs Greedy,90,21261003,0,Greedy,Greedy,south,commander_capture,38,True,False,0
Greedy vs Greedy,90,21261003,1,Greedy,Greedy,north,commander_capture,23,True,False,0
Greedy vs Greedy,91,21261004,0,Greedy,Greedy,north,commander_capture,19,True,False,0
Greedy vs Greedy,91,21261004,1,Greedy,Greedy,north,commander_capture,85,True,False,0
Greedy vs Greedy,92,21261005,0,Greedy,Greedy,north,commander_capture,91,True,False,0
Greedy vs Greedy,92,21261005,1,Greedy,Greedy,north,commander_capture,35,True,False,0
Greedy vs Greedy,93,21261006,0,Greedy,Greedy,south,commander_capture,56,True,False,0
Greedy vs Greedy,93,21261006,1,Greedy,Greedy,north,commander_capture,41,True,False,0
Greedy vs Greedy,94,21261007,0,Greedy,Greedy,north,commander_capture,67,True,False,0
Greedy vs Greedy,94,21261007,1,Greedy,Greedy,north,commander_capture,17,True,False,0
Greedy vs Greedy,95,21261008,0,Greedy,Greedy,north,commander_capture,51,True,False,0
Greedy vs Greedy,95,21261008,1,Greedy,Greedy,north,commander_capture,31,True,False,0
Greedy vs Greedy,96,21261009,0,Greedy,Greedy,north,commander_capture,63,True,False,0
Greedy vs Greedy,96,21261009,1,Greedy,Greedy,north,commander_capture,99,True,False,0
Greedy vs Greedy,97,21261010,0,Greedy,Greedy,north,commander_capture,77,True,False,0
Greedy vs Greedy,97,21261010,1,Greedy,Greedy,south,commander_capture,52,True,False,0
Greedy vs Greedy,98,21261011,0,Greedy,Greedy,north,lone_commander,103,True,False,0
Greedy vs Greedy,98,21261011,1,Greedy,Greedy,south,commander_capture,88,True,False,0
Greedy vs Greedy,99,21261012,0,Greedy,Greedy,south,commander_capture,66,True,False,0
Greedy vs Greedy,99,21261012,1,Greedy,Greedy,south,commander_capture,74,True,False,0
Greedy vs Greedy,100,21261013,0,Greedy,Greedy,south,commander_capture,84,True,False,0
Greedy vs Greedy,100,21261013,1,Greedy,Greedy,south,commander_capture,74,True,False,0
Greedy vs Greedy,101,21261014,0,Greedy,Greedy,north,commander_capture,35,True,False,0
Greedy vs Greedy,101,21261014,1,Greedy,Greedy,north,commander_capture,35,True,False,0
Greedy vs Greedy,102,21261015,0,Greedy,Greedy,south,commander_capture,28,True,False,0
Greedy vs Greedy,102,21261015,1,Greedy,Greedy,north,commander_capture,87,True,False,0
Greedy vs Greedy,103,21261016,0,Greedy,Greedy,north,commander_capture,17,True,False,0
Greedy vs Greedy,103,21261016,1,Greedy,Greedy,south,commander_capture,76,True,False,0
Greedy vs Greedy,104,21261017,0,Greedy,Greedy,north,commander_capture,95,True,False,0
Greedy vs Greedy,104,21261017,1,Greedy,Greedy,north,commander_capture,77,True,False,0
Greedy vs Greedy,105,21261018,0,Greedy,Greedy,south,commander_capture,74,True,False,0
Greedy vs Greedy,105,21261018,1,Greedy,Greedy,north,commander_capture,59,True,False,0
Greedy vs Greedy,106,21261019,0,Greedy,Greedy,south,commander_capture,88,True,False,0
Greedy vs Greedy,106,21261019,1,Greedy,Greedy,south,commander_capture,22,True,False,0
Greedy vs Greedy,107,21261020,0,Greedy,Greedy,south,commander_capture,70,True,False,0
Greedy vs Greedy,107,21261020,1,Greedy,Greedy,north,commander_capture,81,True,False,0
Greedy vs Greedy,108,21261021,0,Greedy,Greedy,north,commander_capture,73,True,False,0
Greedy vs Greedy,108,21261021,1,Greedy,Greedy,north,commander_capture,89,True,False,0
Greedy vs Greedy,109,21261022,0,Greedy,Greedy,south,commander_capture,66,True,False,0
Greedy vs Greedy,109,21261022,1,Greedy,Greedy,north,commander_capture,27,True,False,0
Greedy vs Greedy,110,21261023,0,Greedy,Greedy,north,commander_capture,129,True,False,0
Greedy vs Greedy,110,21261023,1,Greedy,Greedy,north,commander_capture,77,True,False,0
Greedy vs Greedy,111,21261024,0,Greedy,Greedy,south,commander_capture,88,True,False,0
Greedy vs Greedy,111,21261024,1,Greedy,Greedy,north,commander_capture,109,True,False,0
Greedy vs Greedy,112,21261025,0,Greedy,Greedy,north,commander_capture,89,True,False,0
Greedy vs Greedy,112,21261025,1,Greedy,Greedy,south,commander_capture,76,True,False,0
Greedy vs Greedy,113,21261026,0,Greedy,Greedy,south,commander_capture,44,True,False,0
Greedy vs Greedy,113,21261026,1,Greedy,Greedy,north,commander_capture,29,True,False,0
Greedy vs Greedy,114,21261027,0,Greedy,Greedy,north,commander_capture,23,True,False,0
Greedy vs Greedy,114,21261027,1,Greedy,Greedy,north,commander_capture,91,True,False,0
Greedy vs Greedy,115,21261028,0,Greedy,Greedy,south,commander_capture,48,True,False,0
Greedy vs Greedy,115,21261028,1,Greedy,Greedy,south,commander_capture,50,True,False,0
Greedy vs Greedy,116,21261029,0,Greedy,Greedy,south,commander_capture,60,True,False,0
Greedy vs Greedy,116,21261029,1,Greedy,Greedy,south,commander_capture,40,True,False,0
Greedy vs Greedy,117,21261030,0,Greedy,Greedy,south,commander_capture,62,True,False,0
Greedy vs Greedy,117,21261030,1,Greedy,Greedy,north,commander_capture,63,True,False,0
Greedy vs Greedy,118,21261031,0,Greedy,Greedy,north,commander_capture,105,True,False,0
Greedy vs Greedy,118,21261031,1,Greedy,Greedy,north,commander_capture,37,True,False,0
Greedy vs Greedy,119,21261032,0,Greedy,Greedy,south,commander_capture,70,True,False,0
Greedy vs Greedy,119,21261032,1,Greedy,Greedy,north,commander_capture,41,True,False,0
Greedy vs Greedy,120,21261033,0,Greedy,Greedy,north,commander_capture,97,True,False,0
Greedy vs Greedy,120,21261033,1,Greedy,Greedy,north,commander_capture,63,True,False,0
Greedy vs Greedy,121,21261034,0,Greedy,Greedy,north,commander_capture,43,True,False,0
Greedy vs Greedy,121,21261034,1,Greedy,Greedy,south,commander_capture,80,True,False,0
Greedy vs Greedy,122,21261035,0,Greedy,Greedy,south,commander_capture,96,True,False,0
Greedy vs Greedy,122,21261035,1,Greedy,Greedy,north,commander_capture,83,True,False,0
Greedy vs Greedy,123,21261036,0,Greedy,Greedy,south,commander_capture,50,True,False,0
Greedy vs Greedy,123,21261036,1,Greedy,Greedy,north,commander_capture,61,True,False,0
Greedy vs Greedy,124,21261037,0,Greedy,Greedy,north,commander_capture,95,True,False,0
Greedy vs Greedy,124,21261037,1,Greedy,Greedy,south,commander_capture,62,True,False,0
Greedy vs Greedy,125,21261038,0,Greedy,Greedy,south,commander_capture,60,True,False,0
Greedy vs Greedy,125,21261038,1,Greedy,Greedy,north,commander_capture,31,True,False,0
Greedy vs Greedy,126,21261039,0,Greedy,Greedy,south,commander_capture,58,True,False,0
Greedy vs Greedy,126,21261039,1,Greedy,Greedy,south,commander_capture,64,True,False,0
Greedy vs Greedy,127,21261040,0,Greedy,Greedy,south,commander_capture,30,True,False,0
Greedy vs Greedy,127,21261040,1,Greedy,Greedy,north,commander_capture,65,True,False,0
Greedy vs Greedy,128,21261041,0,Greedy,Greedy,north,commander_capture,93,True,False,0
Greedy vs Greedy,128,21261041,1,Greedy,Greedy,north,commander_capture,31,True,False,0
Greedy vs Greedy,129,21261042,0,Greedy,Greedy,north,commander_capture,91,True,False,0
Greedy vs Greedy,129,21261042,1,Greedy,Greedy,north,commander_capture,39,True,False,0
Greedy vs Greedy,130,21261043,0,Greedy,Greedy,north,commander_capture,81,True,False,0
Greedy vs Greedy,130,21261043,1,Greedy,Greedy,south,commander_capture,66,True,False,0
Greedy vs Greedy,131,21261044,0,Greedy,Greedy,north,commander_capture,17,True,False,0
Greedy vs Greedy,131,21261044,1,Greedy,Greedy,north,commander_capture,121,True,False,0
Greedy vs Greedy,132,21261045,0,Greedy,Greedy,south,commander_capture,30,True,False,0
Greedy vs Greedy,132,21261045,1,Greedy,Greedy,north,commander_capture,59,True,False,0
Greedy vs Greedy,133,21261046,0,Greedy,Greedy,north,commander_capture,43,True,False,0
Greedy vs Greedy,133,21261046,1,Greedy,Greedy,south,commander_capture,108,True,False,0
Greedy vs Greedy,134,21261047,0,Greedy,Greedy,north,commander_capture,77,True,False,0
Greedy vs Greedy,134,21261047,1,Greedy,Greedy,north,commander_capture,17,True,False,0
Greedy vs Greedy,135,21261048,0,Greedy,Greedy,north,commander_capture,69,True,False,0
Greedy vs Greedy,135,21261048,1,Greedy,Greedy,north,commander_capture,83,True,False,0
Greedy vs Greedy,136,21261049,0,Greedy,Greedy,south,commander_capture,20,True,False,0
Greedy vs Greedy,136,21261049,1,Greedy,Greedy,south,commander_capture,110,True,False,0
Greedy vs Greedy,137,21261050,0,Greedy,Greedy,north,lone_commander,108,True,False,0
Greedy vs Greedy,137,21261050,1,Greedy,Greedy,north,lone_commander,91,True,False,0
Greedy vs Greedy,138,21261051,0,Greedy,Greedy,south,commander_capture,96,True,False,0
Greedy vs Greedy,138,21261051,1,Greedy,Greedy,south,commander_capture,68,True,False,0
Greedy vs Greedy,139,21261052,0,Greedy,Greedy,south,commander_capture,120,True,False,0
Greedy vs Greedy,139,21261052,1,Greedy,Greedy,north,commander_capture,53,True,False,0
Greedy vs Greedy,140,21261053,0,Greedy,Greedy,draw,threefold_repetition,74,True,False,0
Greedy vs Greedy,140,21261053,1,Greedy,Greedy,south,commander_capture,48,True,False,0
Greedy vs Greedy,141,21261054,0,Greedy,Greedy,south,commander_capture,108,True,False,0
Greedy vs Greedy,141,21261054,1,Greedy,Greedy,south,commander_capture,24,True,False,0
Greedy vs Greedy,142,21261055,0,Greedy,Greedy,north,commander_capture,33,True,False,0
Greedy vs Greedy,142,21261055,1,Greedy,Greedy,north,commander_capture,55,True,False,0
Greedy vs Greedy,143,21261056,0,Greedy,Greedy,south,commander_capture,80,True,False,0
Greedy vs Greedy,143,21261056,1,Greedy,Greedy,north,commander_capture,71,True,False,0
Greedy vs Greedy,144,21261057,0,Greedy,Greedy,south,commander_capture,52,True,False,0
Greedy vs Greedy,144,21261057,1,Greedy,Greedy,south,commander_capture,100,True,False,0
Greedy vs Greedy,145,21261058,0,Greedy,Greedy,south,commander_capture,76,True,False,0
Greedy vs Greedy,145,21261058,1,Greedy,Greedy,north,commander_capture,51,True,False,0
Greedy vs Greedy,146,21261059,0,Greedy,Greedy,south,commander_capture,74,True,False,0
Greedy vs Greedy,146,21261059,1,Greedy,Greedy,south,commander_capture,14,True,False,0
Greedy vs Greedy,147,21261060,0,Greedy,Greedy,south,commander_capture,54,True,False,0
Greedy vs Greedy,147,21261060,1,Greedy,Greedy,north,commander_capture,91,True,False,0
Greedy vs Greedy,148,21261061,0,Greedy,Greedy,south,commander_capture,52,True,False,0
Greedy vs Greedy,148,21261061,1,Greedy,Greedy,south,commander_capture,76,True,False,0
Greedy vs Greedy,149,21261062,0,Greedy,Greedy,south,commander_capture,90,True,False,0
Greedy vs Greedy,149,21261062,1,Greedy,Greedy,south,commander_capture,96,True,False,0
Greedy vs Greedy,150,21261063,0,Greedy,Greedy,south,commander_capture,98,True,False,0
Greedy vs Greedy,150,21261063,1,Greedy,Greedy,north,commander_capture,51,True,False,0
Greedy vs Greedy,151,21261064,0,Greedy,Greedy,north,commander_capture,99,True,False,0
Greedy vs Greedy,151,21261064,1,Greedy,Greedy,north,commander_capture,91,True,False,0
Greedy vs Greedy,152,21261065,0,Greedy,Greedy,north,commander_capture,35,True,False,0
Greedy vs Greedy,152,21261065,1,Greedy,Greedy,south,commander_capture,40,True,False,0
Greedy vs Greedy,153,21261066,0,Greedy,Greedy,,ply_limit,512,False,True,0
Greedy vs Greedy,153,21261066,1,Greedy,Greedy,south,commander_capture,70,True,False,0
Greedy vs Greedy,154,21261067,0,Greedy,Greedy,north,commander_capture,17,True,False,0
Greedy vs Greedy,154,21261067,1,Greedy,Greedy,south,commander_capture,42,True,False,0
Greedy vs Greedy,155,21261068,0,Greedy,Greedy,south,commander_capture,98,True,False,0
Greedy vs Greedy,155,21261068,1,Greedy,Greedy,north,commander_capture,45,True,False,0
Greedy vs Greedy,156,21261069,0,Greedy,Greedy,north,commander_capture,63,True,False,0
Greedy vs Greedy,156,21261069,1,Greedy,Greedy,north,commander_capture,19,True,False,0
Greedy vs Greedy,157,21261070,0,Greedy,Greedy,north,commander_capture,115,True,False,0
Greedy vs Greedy,157,21261070,1,Greedy,Greedy,south,commander_capture,78,True,False,0
Greedy vs Greedy,158,21261071,0,Greedy,Greedy,south,commander_capture,38,True,False,0
Greedy vs Greedy,158,21261071,1,Greedy,Greedy,south,commander_capture,28,True,False,0
Greedy vs Greedy,159,21261072,0,Greedy,Greedy,north,commander_capture,59,True,False,0
Greedy vs Greedy,159,21261072,1,Greedy,Greedy,north,commander_capture,53,True,False,0
Greedy vs Random,0,22260913,0,Greedy,Random,north,commander_capture,13,True,False,0
Greedy vs Random,0,22260913,1,Random,Greedy,south,commander_capture,24,True,False,0
Greedy vs Random,1,22260914,0,Greedy,Random,north,commander_capture,31,True,False,0
Greedy vs Random,1,22260914,1,Random,Greedy,south,commander_capture,12,True,False,0
Greedy vs Random,2,22260915,0,Greedy,Random,north,commander_capture,59,True,False,0
Greedy vs Random,2,22260915,1,Random,Greedy,south,commander_capture,30,True,False,0
Greedy vs Random,3,22260916,0,Greedy,Random,north,commander_capture,25,True,False,0
Greedy vs Random,3,22260916,1,Random,Greedy,south,commander_capture,34,True,False,0
Greedy vs Random,4,22260917,0,Greedy,Random,north,commander_capture,23,True,False,0
Greedy vs Random,4,22260917,1,Random,Greedy,south,commander_capture,30,True,False,0
Greedy vs Random,5,22260918,0,Greedy,Random,north,commander_capture,15,True,False,0
Greedy vs Random,5,22260918,1,Random,Greedy,south,commander_capture,28,True,False,0
Greedy vs Random,6,22260919,0,Greedy,Random,north,commander_capture,37,True,False,0
Greedy vs Random,6,22260919,1,Random,Greedy,south,commander_capture,12,True,False,0
Greedy vs Random,7,22260920,0,Greedy,Random,north,commander_capture,69,True,False,0
Greedy vs Random,7,22260920,1,Random,Greedy,south,commander_capture,24,True,False,0
Greedy vs Random,8,22260921,0,Greedy,Random,north,commander_capture,23,True,False,0
Greedy vs Random,8,22260921,1,Random,Greedy,south,commander_capture,62,True,False,0
Greedy vs Random,9,22260922,0,Greedy,Random,south,commander_capture,34,True,False,0
Greedy vs Random,9,22260922,1,Random,Greedy,south,commander_capture,28,True,False,0
Greedy vs Random,10,22260923,0,Greedy,Random,north,commander_capture,15,True,False,0
Greedy vs Random,10,22260923,1,Random,Greedy,south,commander_capture,28,True,False,0
Greedy vs Random,11,22260924,0,Greedy,Random,north,commander_capture,41,True,False,0
Greedy vs Random,11,22260924,1,Random,Greedy,south,commander_capture,50,True,False,0
Greedy vs Random,12,22260925,0,Greedy,Random,north,commander_capture,17,True,False,0
Greedy vs Random,12,22260925,1,Random,Greedy,south,commander_capture,28,True,False,0
Greedy vs Random,13,22260926,0,Greedy,Random,north,commander_capture,63,True,False,0
Greedy vs Random,13,22260926,1,Random,Greedy,south,commander_capture,24,True,False,0
Greedy vs Random,14,22260927,0,Greedy,Random,north,commander_capture,69,True,False,0
Greedy vs Random,14,22260927,1,Random,Greedy,south,commander_capture,26,True,False,0
Greedy vs Random,15,22260928,0,Greedy,Random,south,commander_capture,40,True,False,0
Greedy vs Random,15,22260928,1,Random,Greedy,south,commander_capture,44,True,False,0
Greedy vs Random,16,22260929,0,Greedy,Random,north,commander_capture,35,True,False,0
Greedy vs Random,16,22260929,1,Random,Greedy,south,commander_capture,42,True,False,0
Greedy vs Random,17,22260930,0,Greedy,Random,north,commander_capture,23,True,False,0
Greedy vs Random,17,22260930,1,Random,Greedy,south,commander_capture,34,True,False,0
Greedy vs Random,18,22260931,0,Greedy,Random,north,commander_capture,25,True,False,0
Greedy vs Random,18,22260931,1,Random,Greedy,south,commander_capture,38,True,False,0
Greedy vs Random,19,22260932,0,Greedy,Random,north,commander_capture,35,True,False,0
Greedy vs Random,19,22260932,1,Random,Greedy,south,commander_capture,18,True,False,0
Greedy vs Random,20,22260933,0,Greedy,Random,north,commander_capture,25,True,False,0
Greedy vs Random,20,22260933,1,Random,Greedy,south,commander_capture,50,True,False,0
Greedy vs Random,21,22260934,0,Greedy,Random,north,commander_capture,29,True,False,0
Greedy vs Random,21,22260934,1,Random,Greedy,south,commander_capture,42,True,False,0
Greedy vs Random,22,22260935,0,Greedy,Random,south,commander_capture,42,True,False,0
Greedy vs Random,22,22260935,1,Random,Greedy,north,commander_capture,37,True,False,0
Greedy vs Random,23,22260936,0,Greedy,Random,north,commander_capture,55,True,False,0
Greedy vs Random,23,22260936,1,Random,Greedy,south,commander_capture,66,True,False,0
Greedy vs Random,24,22260937,0,Greedy,Random,north,commander_capture,19,True,False,0
Greedy vs Random,24,22260937,1,Random,Greedy,south,commander_capture,24,True,False,0
Greedy vs Random,25,22260938,0,Greedy,Random,north,commander_capture,43,True,False,0
Greedy vs Random,25,22260938,1,Random,Greedy,south,commander_capture,70,True,False,0
Greedy vs Random,26,22260939,0,Greedy,Random,north,commander_capture,77,True,False,0
Greedy vs Random,26,22260939,1,Random,Greedy,south,commander_capture,54,True,False,0
Greedy vs Random,27,22260940,0,Greedy,Random,north,commander_capture,55,True,False,0
Greedy vs Random,27,22260940,1,Random,Greedy,south,commander_capture,36,True,False,0
Greedy vs Random,28,22260941,0,Greedy,Random,north,commander_capture,41,True,False,0
Greedy vs Random,28,22260941,1,Random,Greedy,south,commander_capture,28,True,False,0
Greedy vs Random,29,22260942,0,Greedy,Random,north,commander_capture,57,True,False,0
Greedy vs Random,29,22260942,1,Random,Greedy,south,commander_capture,18,True,False,0
Greedy vs Random,30,22260943,0,Greedy,Random,north,commander_capture,29,True,False,0
Greedy vs Random,30,22260943,1,Random,Greedy,south,commander_capture,34,True,False,0
Greedy vs Random,31,22260944,0,Greedy,Random,north,commander_capture,23,True,False,0
Greedy vs Random,31,22260944,1,Random,Greedy,south,commander_capture,28,True,False,0
Greedy vs Random,32,22260945,0,Greedy,Random,north,commander_capture,53,True,False,0
Greedy vs Random,32,22260945,1,Random,Greedy,south,commander_capture,38,True,False,0
Greedy vs Random,33,22260946,0,Greedy,Random,north,commander_capture,73,True,False,0
Greedy vs Random,33,22260946,1,Random,Greedy,south,commander_capture,18,True,False,0
Greedy vs Random,34,22260947,0,Greedy,Random,north,commander_capture,37,True,False,0
Greedy vs Random,34,22260947,1,Random,Greedy,south,commander_capture,74,True,False,0
Greedy vs Random,35,22260948,0,Greedy,Random,south,commander_capture,36,True,False,0
Greedy vs Random,35,22260948,1,Random,Greedy,south,commander_capture,48,True,False,0
Greedy vs Random,36,22260949,0,Greedy,Random,north,commander_capture,33,True,False,0
Greedy vs Random,36,22260949,1,Random,Greedy,south,commander_capture,30,True,False,0
Greedy vs Random,37,22260950,0,Greedy,Random,north,commander_capture,21,True,False,0
Greedy vs Random,37,22260950,1,Random,Greedy,south,commander_capture,30,True,False,0
Greedy vs Random,38,22260951,0,Greedy,Random,north,commander_capture,17,True,False,0
Greedy vs Random,38,22260951,1,Random,Greedy,south,commander_capture,26,True,False,0
Greedy vs Random,39,22260952,0,Greedy,Random,north,commander_capture,53,True,False,0
Greedy vs Random,39,22260952,1,Random,Greedy,south,commander_capture,12,True,False,0
Greedy vs Random,40,22260953,0,Greedy,Random,north,commander_capture,31,True,False,0
Greedy vs Random,40,22260953,1,Random,Greedy,south,commander_capture,12,True,False,0
Greedy vs Random,41,22260954,0,Greedy,Random,north,commander_capture,59,True,False,0
Greedy vs Random,41,22260954,1,Random,Greedy,south,commander_capture,18,True,False,0
Greedy vs Random,42,22260955,0,Greedy,Random,north,commander_capture,47,True,False,0
Greedy vs Random,42,22260955,1,Random,Greedy,south,commander_capture,36,True,False,0
Greedy vs Random,43,22260956,0,Greedy,Random,north,commander_capture,65,True,False,0
Greedy vs Random,43,22260956,1,Random,Greedy,south,commander_capture,38,True,False,0
Greedy vs Random,44,22260957,0,Greedy,Random,north,commander_capture,67,True,False,0
Greedy vs Random,44,22260957,1,Random,Greedy,south,commander_capture,30,True,False,0
Greedy vs Random,45,22260958,0,Greedy,Random,north,commander_capture,37,True,False,0
Greedy vs Random,45,22260958,1,Random,Greedy,south,commander_capture,18,True,False,0
Greedy vs Random,46,22260959,0,Greedy,Random,north,commander_capture,27,True,False,0
Greedy vs Random,46,22260959,1,Random,Greedy,south,commander_capture,42,True,False,0
Greedy vs Random,47,22260960,0,Greedy,Random,north,commander_capture,45,True,False,0
Greedy vs Random,47,22260960,1,Random,Greedy,south,commander_capture,18,True,False,0
Greedy vs Random,48,22260961,0,Greedy,Random,north,commander_capture,53,True,False,0
Greedy vs Random,48,22260961,1,Random,Greedy,south,commander_capture,16,True,False,0
Greedy vs Random,49,22260962,0,Greedy,Random,north,commander_capture,37,True,False,0
Greedy vs Random,49,22260962,1,Random,Greedy,south,commander_capture,10,True,False,0
Greedy vs Random,50,22260963,0,Greedy,Random,north,commander_capture,47,True,False,0
Greedy vs Random,50,22260963,1,Random,Greedy,south,commander_capture,22,True,False,0
Greedy vs Random,51,22260964,0,Greedy,Random,north,commander_capture,45,True,False,0
Greedy vs Random,51,22260964,1,Random,Greedy,south,commander_capture,26,True,False,0
Greedy vs Random,52,22260965,0,Greedy,Random,north,commander_capture,45,True,False,0
Greedy vs Random,52,22260965,1,Random,Greedy,south,commander_capture,32,True,False,0
Greedy vs Random,53,22260966,0,Greedy,Random,north,commander_capture,49,True,False,0
Greedy vs Random,53,22260966,1,Random,Greedy,south,commander_capture,42,True,False,0
Greedy vs Random,54,22260967,0,Greedy,Random,north,commander_capture,29,True,False,0
Greedy vs Random,54,22260967,1,Random,Greedy,south,commander_capture,52,True,False,0
Greedy vs Random,55,22260968,0,Greedy,Random,north,commander_capture,39,True,False,0
Greedy vs Random,55,22260968,1,Random,Greedy,south,commander_capture,54,True,False,0
Greedy vs Random,56,22260969,0,Greedy,Random,north,commander_capture,49,True,False,0
Greedy vs Random,56,22260969,1,Random,Greedy,south,commander_capture,58,True,False,0
Greedy vs Random,57,22260970,0,Greedy,Random,north,commander_capture,53,True,False,0
Greedy vs Random,57,22260970,1,Random,Greedy,south,commander_capture,22,True,False,0
Greedy vs Random,58,22260971,0,Greedy,Random,north,commander_capture,19,True,False,0
Greedy vs Random,58,22260971,1,Random,Greedy,south,commander_capture,32,True,False,0
Greedy vs Random,59,22260972,0,Greedy,Random,north,commander_capture,29,True,False,0
Greedy vs Random,59,22260972,1,Random,Greedy,south,commander_capture,38,True,False,0
Greedy vs Random,60,22260973,0,Greedy,Random,north,commander_capture,15,True,False,0
Greedy vs Random,60,22260973,1,Random,Greedy,south,commander_capture,34,True,False,0
Greedy vs Random,61,22260974,0,Greedy,Random,north,commander_capture,21,True,False,0
Greedy vs Random,61,22260974,1,Random,Greedy,south,commander_capture,28,True,False,0
Greedy vs Random,62,22260975,0,Greedy,Random,north,commander_capture,17,True,False,0
Greedy vs Random,62,22260975,1,Random,Greedy,south,commander_capture,36,True,False,0
Greedy vs Random,63,22260976,0,Greedy,Random,north,commander_capture,11,True,False,0
Greedy vs Random,63,22260976,1,Random,Greedy,south,commander_capture,28,True,False,0
Greedy vs Random,64,22260977,0,Greedy,Random,north,commander_capture,41,True,False,0
Greedy vs Random,64,22260977,1,Random,Greedy,south,commander_capture,56,True,False,0
Greedy vs Random,65,22260978,0,Greedy,Random,north,commander_capture,23,True,False,0
Greedy vs Random,65,22260978,1,Random,Greedy,south,commander_capture,18,True,False,0
Greedy vs Random,66,22260979,0,Greedy,Random,north,commander_capture,23,True,False,0
Greedy vs Random,66,22260979,1,Random,Greedy,south,commander_capture,36,True,False,0
Greedy vs Random,67,22260980,0,Greedy,Random,north,commander_capture,63,True,False,0
Greedy vs Random,67,22260980,1,Random,Greedy,south,commander_capture,14,True,False,0
Greedy vs Random,68,22260981,0,Greedy,Random,north,commander_capture,73,True,False,0
Greedy vs Random,68,22260981,1,Random,Greedy,south,commander_capture,40,True,False,0
Greedy vs Random,69,22260982,0,Greedy,Random,north,commander_capture,51,True,False,0
Greedy vs Random,69,22260982,1,Random,Greedy,south,commander_capture,42,True,False,0
Greedy vs Random,70,22260983,0,Greedy,Random,north,commander_capture,67,True,False,0
Greedy vs Random,70,22260983,1,Random,Greedy,south,commander_capture,84,True,False,0
Greedy vs Random,71,22260984,0,Greedy,Random,north,commander_capture,23,True,False,0
Greedy vs Random,71,22260984,1,Random,Greedy,south,commander_capture,28,True,False,0
Greedy vs Random,72,22260985,0,Greedy,Random,north,commander_capture,29,True,False,0
Greedy vs Random,72,22260985,1,Random,Greedy,south,commander_capture,54,True,False,0
Greedy vs Random,73,22260986,0,Greedy,Random,north,commander_capture,51,True,False,0
Greedy vs Random,73,22260986,1,Random,Greedy,south,commander_capture,22,True,False,0
Greedy vs Random,74,22260987,0,Greedy,Random,north,commander_capture,13,True,False,0
Greedy vs Random,74,22260987,1,Random,Greedy,south,commander_capture,12,True,False,0
Greedy vs Random,75,22260988,0,Greedy,Random,north,commander_capture,37,True,False,0
Greedy vs Random,75,22260988,1,Random,Greedy,south,commander_capture,8,True,False,0
Greedy vs Random,76,22260989,0,Greedy,Random,north,commander_capture,55,True,False,0
Greedy vs Random,76,22260989,1,Random,Greedy,south,commander_capture,28,True,False,0
Greedy vs Random,77,22260990,0,Greedy,Random,north,commander_capture,35,True,False,0
Greedy vs Random,77,22260990,1,Random,Greedy,south,commander_capture,30,True,False,0
Greedy vs Random,78,22260991,0,Greedy,Random,north,commander_capture,39,True,False,0
Greedy vs Random,78,22260991,1,Random,Greedy,south,commander_capture,58,True,False,0
Greedy vs Random,79,22260992,0,Greedy,Random,north,commander_capture,43,True,False,0
Greedy vs Random,79,22260992,1,Random,Greedy,south,commander_capture,16,True,False,0
Greedy vs Random,80,22260993,0,Greedy,Random,north,commander_capture,17,True,False,0
Greedy vs Random,80,22260993,1,Random,Greedy,south,commander_capture,26,True,False,0
Greedy vs Random,81,22260994,0,Greedy,Random,north,commander_capture,37,True,False,0
Greedy vs Random,81,22260994,1,Random,Greedy,south,commander_capture,32,True,False,0
Greedy vs Random,82,22260995,0,Greedy,Random,north,commander_capture,53,True,False,0
Greedy vs Random,82,22260995,1,Random,Greedy,south,commander_capture,26,True,False,0
Greedy vs Random,83,22260996,0,Greedy,Random,north,commander_capture,19,True,False,0
Greedy vs Random,83,22260996,1,Random,Greedy,south,commander_capture,46,True,False,0
Greedy vs Random,84,22260997,0,Greedy,Random,north,commander_capture,49,True,False,0
Greedy vs Random,84,22260997,1,Random,Greedy,south,commander_capture,12,True,False,0
Greedy vs Random,85,22260998,0,Greedy,Random,north,commander_capture,17,True,False,0
Greedy vs Random,85,22260998,1,Random,Greedy,south,commander_capture,24,True,False,0
Greedy vs Random,86,22260999,0,Greedy,Random,north,commander_capture,53,True,False,0
Greedy vs Random,86,22260999,1,Random,Greedy,south,commander_capture,32,True,False,0
Greedy vs Random,87,22261000,0,Greedy,Random,north,commander_capture,35,True,False,0
Greedy vs Random,87,22261000,1,Random,Greedy,south,commander_capture,36,True,False,0
Greedy vs Random,88,22261001,0,Greedy,Random,north,commander_capture,47,True,False,0
Greedy vs Random,88,22261001,1,Random,Greedy,north,commander_capture,27,True,False,0
Greedy vs Random,89,22261002,0,Greedy,Random,north,commander_capture,19,True,False,0
Greedy vs Random,89,22261002,1,Random,Greedy,south,commander_capture,40,True,False,0
Greedy vs Random,90,22261003,0,Greedy,Random,north,commander_capture,47,True,False,0
Greedy vs Random,90,22261003,1,Random,Greedy,south,commander_capture,36,True,False,0
Greedy vs Random,91,22261004,0,Greedy,Random,north,commander_capture,47,True,False,0
Greedy vs Random,91,22261004,1,Random,Greedy,south,commander_capture,30,True,False,0
Greedy vs Random,92,22261005,0,Greedy,Random,north,commander_capture,19,True,False,0
Greedy vs Random,92,22261005,1,Random,Greedy,south,commander_capture,36,True,False,0
Greedy vs Random,93,22261006,0,Greedy,Random,north,commander_capture,21,True,False,0
Greedy vs Random,93,22261006,1,Random,Greedy,south,commander_capture,34,True,False,0
Greedy vs Random,94,22261007,0,Greedy,Random,north,commander_capture,47,True,False,0
Greedy vs Random,94,22261007,1,Random,Greedy,south,commander_capture,48,True,False,0
Greedy vs Random,95,22261008,0,Greedy,Random,north,commander_capture,47,True,False,0
Greedy vs Random,95,22261008,1,Random,Greedy,south,commander_capture,22,True,False,0
Greedy vs Random,96,22261009,0,Greedy,Random,north,commander_capture,39,True,False,0
Greedy vs Random,96,22261009,1,Random,Greedy,south,commander_capture,12,True,False,0
Greedy vs Random,97,22261010,0,Greedy,Random,north,commander_capture,25,True,False,0
Greedy vs Random,97,22261010,1,Random,Greedy,south,commander_capture,34,True,False,0
Greedy vs Random,98,22261011,0,Greedy,Random,north,commander_capture,25,True,False,0
Greedy vs Random,98,22261011,1,Random,Greedy,south,commander_capture,30,True,False,0
Greedy vs Random,99,22261012,0,Greedy,Random,north,commander_capture,29,True,False,0
Greedy vs Random,99,22261012,1,Random,Greedy,south,commander_capture,42,True,False,0
Greedy vs Random,100,22261013,0,Greedy,Random,north,commander_capture,33,True,False,0
Greedy vs Random,100,22261013,1,Random,Greedy,south,commander_capture,20,True,False,0
Greedy vs Random,101,22261014,0,Greedy,Random,north,commander_capture,31,True,False,0
Greedy vs Random,101,22261014,1,Random,Greedy,south,commander_capture,34,True,False,0
Greedy vs Random,102,22261015,0,Greedy,Random,north,commander_capture,23,True,False,0
Greedy vs Random,102,22261015,1,Random,Greedy,south,commander_capture,18,True,False,0
Greedy vs Random,103,22261016,0,Greedy,Random,north,commander_capture,27,True,False,0
Greedy vs Random,103,22261016,1,Random,Greedy,south,commander_capture,26,True,False,0
Greedy vs Random,104,22261017,0,Greedy,Random,north,commander_capture,23,True,False,0
Greedy vs Random,104,22261017,1,Random,Greedy,south,commander_capture,54,True,False,0
Greedy vs Random,105,22261018,0,Greedy,Random,north,commander_capture,57,True,False,0
Greedy vs Random,105,22261018,1,Random,Greedy,south,commander_capture,64,True,False,0
Greedy vs Random,106,22261019,0,Greedy,Random,north,commander_capture,37,True,False,0
Greedy vs Random,106,22261019,1,Random,Greedy,south,commander_capture,50,True,False,0
Greedy vs Random,107,22261020,0,Greedy,Random,north,commander_capture,33,True,False,0
Greedy vs Random,107,22261020,1,Random,Greedy,south,commander_capture,36,True,False,0
Greedy vs Random,108,22261021,0,Greedy,Random,north,commander_capture,53,True,False,0
Greedy vs Random,108,22261021,1,Random,Greedy,south,commander_capture,32,True,False,0
Greedy vs Random,109,22261022,0,Greedy,Random,north,commander_capture,35,True,False,0
Greedy vs Random,109,22261022,1,Random,Greedy,south,commander_capture,46,True,False,0
Greedy vs Random,110,22261023,0,Greedy,Random,north,commander_capture,19,True,False,0
Greedy vs Random,110,22261023,1,Random,Greedy,south,commander_capture,44,True,False,0
Greedy vs Random,111,22261024,0,Greedy,Random,north,commander_capture,43,True,False,0
Greedy vs Random,111,22261024,1,Random,Greedy,south,commander_capture,28,True,False,0
Greedy vs Random,112,22261025,0,Greedy,Random,north,commander_capture,21,True,False,0
Greedy vs Random,112,22261025,1,Random,Greedy,south,lone_commander,76,True,False,0
Greedy vs Random,113,22261026,0,Greedy,Random,north,commander_capture,27,True,False,0
Greedy vs Random,113,22261026,1,Random,Greedy,south,commander_capture,52,True,False,0
Greedy vs Random,114,22261027,0,Greedy,Random,north,commander_capture,19,True,False,0
Greedy vs Random,114,22261027,1,Random,Greedy,south,commander_capture,20,True,False,0
Greedy vs Random,115,22261028,0,Greedy,Random,north,commander_capture,33,True,False,0
Greedy vs Random,115,22261028,1,Random,Greedy,south,commander_capture,22,True,False,0
Greedy vs Random,116,22261029,0,Greedy,Random,north,commander_capture,37,True,False,0
Greedy vs Random,116,22261029,1,Random,Greedy,south,commander_capture,70,True,False,0
Greedy vs Random,117,22261030,0,Greedy,Random,north,commander_capture,21,True,False,0
Greedy vs Random,117,22261030,1,Random,Greedy,south,commander_capture,26,True,False,0
Greedy vs Random,118,22261031,0,Greedy,Random,north,commander_capture,27,True,False,0
Greedy vs Random,118,22261031,1,Random,Greedy,south,commander_capture,28,True,False,0
Greedy vs Random,119,22261032,0,Greedy,Random,north,commander_capture,17,True,False,0
Greedy vs Random,119,22261032,1,Random,Greedy,south,commander_capture,26,True,False,0
Greedy vs Random,120,22261033,0,Greedy,Random,north,lone_commander,93,True,False,0
Greedy vs Random,120,22261033,1,Random,Greedy,south,commander_capture,48,True,False,0
Greedy vs Random,121,22261034,0,Greedy,Random,north,commander_capture,27,True,False,0
Greedy vs Random,121,22261034,1,Random,Greedy,south,commander_capture,34,True,False,0
Greedy vs Random,122,22261035,0,Greedy,Random,north,commander_capture,29,True,False,0
Greedy vs Random,122,22261035,1,Random,Greedy,south,commander_capture,18,True,False,0
Greedy vs Random,123,22261036,0,Greedy,Random,north,commander_capture,57,True,False,0
Greedy vs Random,123,22261036,1,Random,Greedy,south,commander_capture,54,True,False,0
Greedy vs Random,124,22261037,0,Greedy,Random,north,commander_capture,37,True,False,0
Greedy vs Random,124,22261037,1,Random,Greedy,south,commander_capture,22,True,False,0
Greedy vs Random,125,22261038,0,Greedy,Random,north,commander_capture,21,True,False,0
Greedy vs Random,125,22261038,1,Random,Greedy,south,commander_capture,40,True,False,0
Greedy vs Random,126,22261039,0,Greedy,Random,north,commander_capture,51,True,False,0
Greedy vs Random,126,22261039,1,Random,Greedy,south,commander_capture,18,True,False,0
Greedy vs Random,127,22261040,0,Greedy,Random,north,commander_capture,51,True,False,0
Greedy vs Random,127,22261040,1,Random,Greedy,south,commander_capture,20,True,False,0
Greedy vs Random,128,22261041,0,Greedy,Random,north,commander_capture,13,True,False,0
Greedy vs Random,128,22261041,1,Random,Greedy,south,commander_capture,14,True,False,0
Greedy vs Random,129,22261042,0,Greedy,Random,north,commander_capture,17,True,False,0
Greedy vs Random,129,22261042,1,Random,Greedy,south,commander_capture,48,True,False,0
Greedy vs Random,130,22261043,0,Greedy,Random,north,commander_capture,63,True,False,0
Greedy vs Random,130,22261043,1,Random,Greedy,south,commander_capture,68,True,False,0
Greedy vs Random,131,22261044,0,Greedy,Random,north,commander_capture,27,True,False,0
Greedy vs Random,131,22261044,1,Random,Greedy,south,commander_capture,42,True,False,0
Greedy vs Random,132,22261045,0,Greedy,Random,north,commander_capture,23,True,False,0
Greedy vs Random,132,22261045,1,Random,Greedy,south,commander_capture,62,True,False,0
Greedy vs Random,133,22261046,0,Greedy,Random,north,commander_capture,49,True,False,0
Greedy vs Random,133,22261046,1,Random,Greedy,south,commander_capture,68,True,False,0
Greedy vs Random,134,22261047,0,Greedy,Random,north,commander_capture,13,True,False,0
Greedy vs Random,134,22261047,1,Random,Greedy,south,commander_capture,36,True,False,0
Greedy vs Random,135,22261048,0,Greedy,Random,north,commander_capture,69,True,False,0
Greedy vs Random,135,22261048,1,Random,Greedy,south,commander_capture,16,True,False,0
Greedy vs Random,136,22261049,0,Greedy,Random,north,commander_capture,29,True,False,0
Greedy vs Random,136,22261049,1,Random,Greedy,south,commander_capture,36,True,False,0
Greedy vs Random,137,22261050,0,Greedy,Random,north,commander_capture,21,True,False,0
Greedy vs Random,137,22261050,1,Random,Greedy,south,commander_capture,44,True,False,0
Greedy vs Random,138,22261051,0,Greedy,Random,north,commander_capture,13,True,False,0
Greedy vs Random,138,22261051,1,Random,Greedy,south,commander_capture,42,True,False,0
Greedy vs Random,139,22261052,0,Greedy,Random,north,commander_capture,27,True,False,0
Greedy vs Random,139,22261052,1,Random,Greedy,south,commander_capture,16,True,False,0
Greedy vs Random,140,22261053,0,Greedy,Random,north,commander_capture,13,True,False,0
Greedy vs Random,140,22261053,1,Random,Greedy,south,commander_capture,34,True,False,0
Greedy vs Random,141,22261054,0,Greedy,Random,north,commander_capture,29,True,False,0
Greedy vs Random,141,22261054,1,Random,Greedy,south,commander_capture,36,True,False,0
Greedy vs Random,142,22261055,0,Greedy,Random,north,commander_capture,41,True,False,0
Greedy vs Random,142,22261055,1,Random,Greedy,south,commander_capture,44,True,False,0
Greedy vs Random,143,22261056,0,Greedy,Random,north,commander_capture,53,True,False,0
Greedy vs Random,143,22261056,1,Random,Greedy,south,commander_capture,82,True,False,0
Greedy vs Random,144,22261057,0,Greedy,Random,north,commander_capture,35,True,False,0
Greedy vs Random,144,22261057,1,Random,Greedy,south,commander_capture,34,True,False,0
Greedy vs Random,145,22261058,0,Greedy,Random,north,commander_capture,29,True,False,0
Greedy vs Random,145,22261058,1,Random,Greedy,south,commander_capture,44,True,False,0
Greedy vs Random,146,22261059,0,Greedy,Random,north,commander_capture,27,True,False,0
Greedy vs Random,146,22261059,1,Random,Greedy,south,commander_capture,24,True,False,0
Greedy vs Random,147,22261060,0,Greedy,Random,north,commander_capture,41,True,False,0
Greedy vs Random,147,22261060,1,Random,Greedy,south,commander_capture,32,True,False,0
Greedy vs Random,148,22261061,0,Greedy,Random,north,commander_capture,33,True,False,0
Greedy vs Random,148,22261061,1,Random,Greedy,south,commander_capture,24,True,False,0
Greedy vs Random,149,22261062,0,Greedy,Random,north,commander_capture,29,True,False,0
Greedy vs Random,149,22261062,1,Random,Greedy,south,commander_capture,24,True,False,0
Greedy vs Random,150,22261063,0,Greedy,Random,north,commander_capture,49,True,False,0
Greedy vs Random,150,22261063,1,Random,Greedy,south,commander_capture,62,True,False,0
Greedy vs Random,151,22261064,0,Greedy,Random,north,commander_capture,47,True,False,0
Greedy vs Random,151,22261064,1,Random,Greedy,south,commander_capture,42,True,False,0
Greedy vs Random,152,22261065,0,Greedy,Random,north,commander_capture,77,True,False,0
Greedy vs Random,152,22261065,1,Random,Greedy,south,commander_capture,22,True,False,0
Greedy vs Random,153,22261066,0,Greedy,Random,north,commander_capture,37,True,False,0
Greedy vs Random,153,22261066,1,Random,Greedy,south,commander_capture,40,True,False,0
Greedy vs Random,154,22261067,0,Greedy,Random,north,commander_capture,15,True,False,0
Greedy vs Random,154,22261067,1,Random,Greedy,south,commander_capture,62,True,False,0
Greedy vs Random,155,22261068,0,Greedy,Random,north,commander_capture,29,True,False,0
Greedy vs Random,155,22261068,1,Random,Greedy,south,commander_capture,56,True,False,0
Greedy vs Random,156,22261069,0,Greedy,Random,north,commander_capture,39,True,False,0
Greedy vs Random,156,22261069,1,Random,Greedy,south,commander_capture,14,True,False,0
Greedy vs Random,157,22261070,0,Greedy,Random,north,commander_capture,45,True,False,0
Greedy vs Random,157,22261070,1,Random,Greedy,south,commander_capture,56,True,False,0
Greedy vs Random,158,22261071,0,Greedy,Random,north,commander_capture,39,True,False,0
Greedy vs Random,158,22261071,1,Random,Greedy,south,commander_capture,34,True,False,0
Greedy vs Random,159,22261072,0,Greedy,Random,north,commander_capture,15,True,False,0
Greedy vs Random,159,22261072,1,Random,Greedy,south,commander_capture,62,True,False,0
Lookahead vs Greedy,0,23260913,0,Lookahead,Greedy,north,commander_capture,93,True,False,0
Lookahead vs Greedy,0,23260913,1,Greedy,Lookahead,south,commander_capture,56,True,False,0
Lookahead vs Greedy,1,23260914,0,Lookahead,Greedy,north,commander_capture,45,True,False,0
Lookahead vs Greedy,1,23260914,1,Greedy,Lookahead,south,commander_capture,14,True,False,0
Lookahead vs Greedy,2,23260915,0,Lookahead,Greedy,north,commander_capture,55,True,False,0
Lookahead vs Greedy,2,23260915,1,Greedy,Lookahead,south,commander_capture,66,True,False,0
Lookahead vs Greedy,3,23260916,0,Lookahead,Greedy,north,commander_capture,71,True,False,0
Lookahead vs Greedy,3,23260916,1,Greedy,Lookahead,south,commander_capture,88,True,False,0
Lookahead vs Greedy,4,23260917,0,Lookahead,Greedy,north,commander_capture,65,True,False,0
Lookahead vs Greedy,4,23260917,1,Greedy,Lookahead,south,commander_capture,38,True,False,0
Lookahead vs Greedy,5,23260918,0,Lookahead,Greedy,north,lone_commander,103,True,False,0
Lookahead vs Greedy,5,23260918,1,Greedy,Lookahead,south,commander_capture,56,True,False,0
Lookahead vs Greedy,6,23260919,0,Lookahead,Greedy,north,lone_commander,89,True,False,0
Lookahead vs Greedy,6,23260919,1,Greedy,Lookahead,south,commander_capture,50,True,False,0
Lookahead vs Greedy,7,23260920,0,Lookahead,Greedy,south,commander_capture,40,True,False,0
Lookahead vs Greedy,7,23260920,1,Greedy,Lookahead,south,commander_capture,48,True,False,0
Lookahead vs Greedy,8,23260921,0,Lookahead,Greedy,north,commander_capture,67,True,False,0
Lookahead vs Greedy,8,23260921,1,Greedy,Lookahead,south,lone_commander,104,True,False,0
Lookahead vs Greedy,9,23260922,0,Lookahead,Greedy,south,commander_capture,26,True,False,0
Lookahead vs Greedy,9,23260922,1,Greedy,Lookahead,south,commander_capture,10,True,False,0
Lookahead vs Lookahead,0,24260913,0,Lookahead,Lookahead,,ply_limit,512,False,True,0
Lookahead vs Lookahead,0,24260913,1,Lookahead,Lookahead,,ply_limit,512,False,True,0
Lookahead vs Lookahead,1,24260914,0,Lookahead,Lookahead,,ply_limit,512,False,True,0
Lookahead vs Lookahead,1,24260914,1,Lookahead,Lookahead,,ply_limit,512,False,True,0
Lookahead vs Lookahead,2,24260915,0,Lookahead,Lookahead,,ply_limit,512,False,True,0
Lookahead vs Lookahead,2,24260915,1,Lookahead,Lookahead,,ply_limit,512,False,True,0
Lookahead vs Lookahead,3,24260916,0,Lookahead,Lookahead,north,commander_capture,49,True,False,0
Lookahead vs Lookahead,3,24260916,1,Lookahead,Lookahead,south,commander_capture,84,True,False,0
Lookahead vs Lookahead,4,24260917,0,Lookahead,Lookahead,,ply_limit,512,False,True,0
Lookahead vs Lookahead,4,24260917,1,Lookahead,Lookahead,north,lone_commander,95,True,False,0
Lookahead vs Lookahead,5,24260918,0,Lookahead,Lookahead,,ply_limit,512,False,True,0
Lookahead vs Lookahead,5,24260918,1,Lookahead,Lookahead,south,commander_capture,68,True,False,0
Lookahead vs Lookahead,6,24260919,0,Lookahead,Lookahead,south,commander_capture,80,True,False,0
Lookahead vs Lookahead,6,24260919,1,Lookahead,Lookahead,north,commander_capture,131,True,False,0
Lookahead vs Lookahead,7,24260920,0,Lookahead,Lookahead,north,commander_capture,21,True,False,0
Lookahead vs Lookahead,7,24260920,1,Lookahead,Lookahead,north,lone_commander,149,True,False,0
Lookahead vs Lookahead,8,24260921,0,Lookahead,Lookahead,south,commander_capture,64,True,False,0
Lookahead vs Lookahead,8,24260921,1,Lookahead,Lookahead,,ply_limit,512,False,True,0
Lookahead vs Lookahead,9,24260922,0,Lookahead,Lookahead,north,commander_capture,109,True,False,0
Lookahead vs Lookahead,9,24260922,1,Lookahead,Lookahead,,ply_limit,512,False,True,0
